brand,fuelType,Min Price,Average Price,Max Price
hyundi,Petrol,1200,8593.15,16250
vauxhall,Petrol,450,10926.02,24995
skoda,Diesel,3650,11675.99,22500
vauxhall,Diesel,2895,12973.45,27995
ford,Petrol,795,13279.97,49999
skoda,Petrol,2495,14503.9,24904
toyota,Petrol,1200,16488.35,51995
hyundi,Diesel,4495,16830.35,43995
ford,Diesel,2395,17447.39,36000
skoda,Other,14480,18280.0,20980
bmw,Electric,17400,18466.0,18999
vw,Petrol,899,18516.67,39989
toyota,Hybrid,2495,19259.46,31995
toyota,Diesel,850,20002.5,54991
bmw,Other,14940,20429.38,37995
toyota,Other,7250,21993.33,59995
vw,Diesel,2295,22945.34,69994
ford,Hybrid,23999,23999.0,23999
vw,Other,24989,26242.0,27495
merc,Diesel,1695,29052.36,102502
bmw,Hybrid,12500,31847.35,74226
merc,Petrol,1490,36584.33,159999
bmw,Diesel,4995,37402.94,79991
audi,Diesel,5595,38504.68,89750
bmw,Petrol,1995,39853.93,99950
merc,Hybrid,24530,40459.56,56900
audi,Petrol,4650,49472.25,145000
