brand,transmission,count
audi,Automatic,277
audi,Manual,11
audi,Semi-Auto,235
bmw,Automatic,369
bmw,Manual,47
bmw,Semi-Auto,562
ford,Automatic,186
ford,Manual,862
ford,Semi-Auto,148
hyundi,Automatic,194
hyundi,Manual,474
hyundi,Semi-Auto,149
merc,Automatic,730
merc,Manual,106
merc,Other,1
merc,Semi-Auto,382
skoda,Automatic,74
skoda,Manual,387
skoda,Other,1
skoda,Semi-Auto,176
toyota,Automatic,362
toyota,Manual,280
toyota,Semi-Auto,75
vauxhall,Automatic,38
vauxhall,Manual,343
vauxhall,Semi-Auto,4
vw,Automatic,358
vw,Manual,427
vw,Semi-Auto,374
