year,transmission,count
2001,Manual,4
2001,Automatic,8
2002,Automatic,6
2002,Manual,3
2003,Automatic,9
2003,Manual,4
2004,Semi-Auto,1
2004,Manual,7
2004,Automatic,15
2005,Manual,7
2005,Automatic,8
2006,Manual,14
2006,Semi-Auto,1
2006,Automatic,6
2007,Manual,14
2007,Automatic,12
2008,Automatic,14
2008,Manual,20
2008,Semi-Auto,2
2009,Manual,30
2009,Automatic,14
2010,Manual,28
2010,Automatic,17
2011,Semi-Auto,2
2011,Automatic,31
2011,Manual,45
2012,Manual,50
2012,Automatic,38
2012,Semi-Auto,1
2013,Semi-Auto,37
2013,Manual,138
2013,Automatic,107
2014,Manual,222
2014,Semi-Auto,64
2014,Automatic,111
2015,Semi-Auto,153
2015,Automatic,223
2015,Manual,331
2016,Manual,528
2016,Automatic,375
2016,Semi-Auto,255
2017,Automatic,378
2017,Semi-Auto,283
2017,Manual,569
2018,Semi-Auto,231
2018,Manual,338
2018,Automatic,273
2019,Manual,455
2019,Automatic,836
2019,Semi-Auto,803
2020,Automatic,99
2020,Manual,124
2020,Semi-Auto,272
